常人感冒-风寒感冒,荆防败毒散或荆防达表汤,银翘散或葱豉桔梗汤,新加香薷饮,参苏饮,三拗汤合止嗽散,"|","notmastered","0","0"
常人感冒-风热感冒,银翘散或葱豉桔梗汤,荆防败毒散或荆防达表汤,桑菊饮,麻杏石甘汤,加减葳蕤汤,"|","notmastered","0","0"
常人感冒-暑湿感冒,新加香薷饮,藿香正气散,六一散,参苏饮,荆防败毒散,"|","notmastered","0","0"
虚体感冒-气虚感冒,参苏饮,玉屏风散,补中益气汤,加减葳蕤汤,麻黄附子细辛汤,"|","notmastered","0","0"
虚体感冒-阴虚感冒,加减葳蕤汤,沙参麦冬汤,百合固金汤,参苏饮,麻黄附子细辛汤,"|","notmastered","0","0"
虚体感冒-阳虚感冒,麻黄附子细辛汤,再造散,参附汤,加减葳蕤汤,荆防败毒散,"|","notmastered","0","0"
外感咳嗽-风寒袭肺,三拗汤合止嗽散,荆防败毒散,桑菊饮,杏苏散,金沸草散,"|","notmastered","0","0"
外感咳嗽-风热犯肺,桑菊饮,银翘散,桑杏汤,清金化痰汤,三拗汤合止嗽散,"|","notmastered","0","0"
外感咳嗽-风燥伤肺,桑杏汤,清燥救肺汤,麦门冬汤,杏苏散,沙参麦冬汤,"|","notmastered","0","0"
内伤咳嗽-痰湿蕴肺,二陈平胃散合三子养亲汤,苓桂术甘汤,三子养亲汤,清金化痰汤,导痰汤,"|","notmastered","0","0"
内伤咳嗽-痰热郁肺,清金化痰汤,桑白皮汤,黛蛤散合黄芩泻白散,二陈平胃散合三子养亲汤,小陷胸汤,"|","notmastered","0","0"
内伤咳嗽-肝火犯肺,黛蛤散合黄芩泻白散,龙胆泻肝汤,清金化痰汤,丹栀逍遥散,泻白散,"|","notmastered","0","0"
内伤咳嗽-肺阴亏耗,沙参麦冬汤,百合固金汤,麦门冬汤,清燥救肺汤,二陈平胃散合三子养亲汤,"|","notmastered","0","0"
哮病发作期-冷哮证,射干麻黄汤或小青龙汤,麻黄汤,定喘汤,三子养亲汤,苏子降气汤,"|","notmastered","0","0"
哮病发作期-热哮证,定喘汤或越婢加半夏汤,麻杏石甘汤,射干麻黄汤,小青龙加石膏汤,清金化痰汤,"|","notmastered","0","0"
哮病发作期-寒包热哮,小青龙加石膏汤或厚朴麻黄汤,大青龙汤,定喘汤,射干麻黄汤,麻杏石甘汤,"|","notmastered","0","0"
哮病发作期-风痰哮证,三子养亲汤加味,二陈汤,导痰汤,定喘汤,射干麻黄汤,"|","notmastered","0","0"
哮病缓解期-虚哮证,平喘固本汤,玉屏风散,补中益气汤,六君子汤,都气丸,"|","notmastered","0","0"
哮病缓解期-肺脾气虚,六君子汤,参苓白术散,补中益气汤,生脉地黄汤合金水六君煎,平喘固本汤,"|","notmastered","0","0"
哮病缓解期-肺肾两虚,生脉地黄汤合金水六君煎,金匮肾气丸合都气丸,七味都气丸,六君子汤,麦味地黄丸,"|","notmastered","0","0"
实喘-风寒壅肺,麻黄汤合华盖散,三拗汤,杏苏散,小青龙汤,麻杏石甘汤,"|","notmastered","0","0"
实喘-表寒肺热,麻杏石甘汤加味,大青龙汤,桑白皮汤,定喘汤,麻黄汤合华盖散,"|","notmastered","0","0"
实喘-痰热郁肺,桑白皮汤,清金化痰汤,定喘汤,麻杏石甘汤,二陈汤合三子养亲汤,"|","notmastered","0","0"
实喘-痰浊阻肺,二陈汤合三子养亲汤,导痰汤,苏子降气汤,桑白皮汤,五磨引子,"|","notmastered","0","0"
实喘-肺气郁闭,五磨引子,四磨汤,柴胡疏肝散,二陈汤合三子养亲汤,苏子降气汤,"|","notmastered","0","0"
虚喘-肺气虚耗,生脉散合补肺汤,补中益气汤,玉屏风散,金匮肾气丸合参蛤散,人参蛤蚧散,"|","notmastered","0","0"
虚喘-肾虚不纳,金匮肾气丸合参蛤散,七味都气丸,右归丸,生脉散合补肺汤,参附汤,"|","notmastered","0","0"
虚喘-正虚喘脱,参附汤送服黑锡丹，配合蛤蚧粉,四逆加人参汤,生脉散,独参汤,金匮肾气丸,"|","notmastered","0","0"
肺痨-肺阴亏损,月华丸,百合固金汤,沙参麦冬汤,补肺阿胶汤,一贯煎,"|","notmastered","0","0"
肺痨-虚火灼肺,百合固金汤合秦艽鳖甲散,清骨散,滋阴降火汤,月华丸,保真汤,"|","notmastered","0","0"
肺痨-气阴耗伤,保真汤或参苓白术散,生脉散,补中益气汤,百合固金汤,补天大造丸,"|","notmastered","0","0"
肺痨-阴阳两虚,补天大造丸,右归丸合左归丸,大补元煎,保真汤,月华丸,"|","notmastered","0","0"
肺胀-外寒里饮,小青龙汤,苓桂术甘汤,射干麻黄汤,真武汤合五苓散,苏子降气汤,"|","notmastered","0","0"
肺胀-痰浊壅肺,苏子降气汤合三子养亲汤,二陈汤,定喘汤,小青龙汤,涤痰汤,"|","notmastered","0","0"
肺胀-痰热郁肺,越婢加半夏汤或桑白皮汤,定喘汤,清金化痰汤,小青龙汤,涤痰汤,"|","notmastered","0","0"
肺胀-痰蒙神窍,涤痰汤,安宫牛黄丸,温胆汤,越婢加半夏汤,菖蒲郁金汤,"|","notmastered","0","0"
肺胀-阳虚水泛,真武汤合五苓散,苓桂术甘汤,实脾散,小青龙汤,济生肾气丸,"|","notmastered","0","0"
肺胀-肺肾气虚,平喘固本汤合补肺汤,人参蛤蚧散,金匮肾气丸,补中益气汤,真武汤,"|","notmastered","0","0"
心悸-心虚胆怯,安神定志丸,酸枣仁汤,归脾汤,天王补心丹,朱砂安神丸,"|","notmastered","0","0"
心悸-心血不足,归脾汤,养心汤,人参养荣汤,安神定志丸,苓桂术甘汤,"|","notmastered","0","0"
心悸-心阳不振,桂枝甘草龙骨牡蛎汤合参附汤,苓桂术甘汤,保元汤,归脾汤,天王补心丹,"|","notmastered","0","0"
心悸-水饮凌心,苓桂术甘汤,五苓散,真武汤,桂枝甘草龙骨牡蛎汤,小青龙汤,"|","notmastered","0","0"
心悸-阴虚火旺,天王补心丹合朱砂安神丸,黄连阿胶汤,酸枣仁汤,归脾汤,黄连温胆汤,"|","notmastered","0","0"
心悸-瘀阻心脉,桃仁红花煎,血府逐瘀汤,丹参饮,失笑散,桂枝茯苓丸,"|","notmastered","0","0"
心悸-痰火扰心,黄连温胆汤,礞石滚痰丸,温胆汤,天王补心丹,安神定志丸,"|","notmastered","0","0"
胸痹-心血瘀阻,血府逐瘀汤,桃仁红花煎,丹参饮,失笑散,柴胡疏肝散,"|","notmastered","0","0"
胸痹-气滞心胸,柴胡疏肝散,瓜蒌薤白白酒汤,丹参饮,血府逐瘀汤,五磨饮子,"|","notmastered","0","0"
胸痹-痰浊闭阻,栝蒌薤白半夏汤合涤痰汤,瓜蒌薤白白酒汤,导痰汤,温胆汤,柴胡疏肝散,"|","notmastered","0","0"
胸痹-寒凝心脉,栝蒌薤白桂枝汤合当归四逆汤,当归四逆汤,乌头桂枝汤,阳和汤,血府逐瘀汤,"|","notmastered","0","0"
胸痹-气阴两虚,生脉散合人参养荣汤,保元汤,炙甘草汤,天王补心丹合炙甘草汤,益气养阴活血汤,"|","notmastered","0","0"
胸痹-心肾阴虚,天王补心丹合炙甘草汤,左归饮合炙甘草汤,大补阴丸,生脉散,右归饮,"|","notmastered","0","0"
胸痹-心肾阳虚,参附汤合右归饮,附子理中汤,真武汤,天王补心丹,保元汤,"|","notmastered","0","0"
不寐-肝火扰心,龙胆泻肝汤,朱砂安神丸,黄连温胆汤,丹栀逍遥散,酸枣仁汤,"|","notmastered","0","0"
不寐-痰热扰心,黄连温胆汤,礞石滚痰丸,清气化痰丸,龙胆泻肝汤,归脾汤,"|","notmastered","0","0"
不寐-心脾两虚,归脾汤,酸枣仁汤,养心汤,安神定志丸,天王补心丹,"|","notmastered","0","0"
不寐-心肾不交,六味地黄丸合交泰丸,天王补心丹合酸枣仁汤,黄连阿胶汤,归脾汤,龙胆泻肝汤,"|","notmastered","0","0"
不寐-心胆气虚,安神定志丸合酸枣仁汤,酸枣仁汤,归脾汤,定志丸,天王补心丹,"|","notmastered","0","0"
痫病-风痰闭阻,定痫丸,涤痰汤,止痉散,龙胆泻肝汤合涤痰汤,通窍活血汤,"|","notmastered","0","0"
痫病-痰火扰神,龙胆泻肝汤合涤痰汤,礞石滚痰丸,清心温胆汤,定痫丸,六君子汤合归脾汤,"|","notmastered","0","0"
痫病-瘀阻脑络,通窍活血汤,血府逐瘀汤,桃红四物汤,定痫丸,左归丸合天王补心丹,"|","notmastered","0","0"
痫病-心脾两虚,六君子汤合归脾汤,养心汤,人参养荣汤,通窍活血汤,定痫丸,"|","notmastered","0","0"
痫病-心肾亏虚,左归丸合天王补心丹,大补元煎,河车大造丸,六君子汤合归脾汤,龙胆泻肝汤,"|","notmastered","0","0"
胃痛-寒邪客胃,香苏散合良附丸,吴茱萸汤,暖肝煎,保和丸,柴胡疏肝散,"|","notmastered","0","0"
胃痛-饮食犯胃,保和丸,枳实导滞丸,木香槟榔丸,香苏散合良附丸,一贯煎,"|","notmastered","0","0"
胃痛-肝气犯胃,柴胡疏肝散,四逆散,金铃子散,保和丸,失笑散,"|","notmastered","0","0"
胃痛-湿热中阻,清中汤,连朴饮,黄连温胆汤,柴胡疏肝散,黄芪建中汤,"|","notmastered","0","0"
胃痛-瘀血停胃,失笑散合丹参饮,血府逐瘀汤,膈下逐瘀汤,柴胡疏肝散,一贯煎,"|","notmastered","0","0"
胃痛-胃阴亏耗,一贯煎合芍药甘草汤,益胃汤,沙参麦冬汤,失笑散,黄芪建中汤,"|","notmastered","0","0"
胃痛-脾胃虚寒,黄芪建中汤,理中丸,附子理中汤,一贯煎,小建中汤,"|","notmastered","0","0"
呕吐-外邪犯胃,藿香正气散,保和丸,小半夏汤,半夏泻心汤,玉枢丹,"|","notmastered","0","0"
呕吐-食滞内停,保和丸,枳实导滞丸,藿香正气散,小半夏汤,理中汤,"|","notmastered","0","0"
呕吐-痰饮中阻,小半夏汤合苓桂术甘汤,二陈汤,吴茱萸汤,保和丸,麦门冬汤,"|","notmastered","0","0"
呕吐-肝气犯胃,四七汤,半夏厚朴汤,左金丸,小半夏汤,香砂六君子汤,"|","notmastered","0","0"
呕吐-脾胃气虚,香砂六君子汤,补中益气汤,理中汤,四七汤,异功散,"|","notmastered","0","0"
呕吐-脾胃阳虚,理中汤,附子理中汤,吴茱萸汤,香砂六君子汤,小建中汤,"|","notmastered","0","0"
呕吐-胃阴不足,麦门冬汤,益胃汤,增液汤,理中汤,竹叶石膏汤,"|","notmastered","0","0"
腹痛-寒邪内阻,良附丸合正气天香散,大建中汤,当归四逆汤,大承气汤,小建中汤,"|","notmastered","0","0"
腹痛-湿热壅滞,大承气汤,芍药汤,白头翁汤,良附丸,枳实导滞丸,"|","notmastered","0","0"
腹痛-饮食积滞,枳实导滞丸,保和丸,木香槟榔丸,大承气汤,柴胡疏肝散,"|","notmastered","0","0"
腹痛-肝郁气滞,柴胡疏肝散,四逆散,金铃子散,枳实导滞丸,少腹逐瘀汤,"|","notmastered","0","0"
腹痛-瘀血内停,少腹逐瘀汤,膈下逐瘀汤,失笑散,柴胡疏肝散,小建中汤,"|","notmastered","0","0"
腹痛-中虚脏寒,小建中汤,黄芪建中汤,理中丸,当归四逆汤,柴胡疏肝散,"|","notmastered","0","0"
泄泻-寒湿内盛,藿香正气散,胃苓汤,理中丸,四神丸,痛泻要方,"|","notmastered","0","0"
泄泻-湿热伤中,葛根芩连汤,白头翁汤,芍药汤,藿香正气散,保和丸,"|","notmastered","0","0"
泄泻-食滞肠胃,保和丸,枳实导滞丸,葛根芩连汤,参苓白术散,木香槟榔丸,"|","notmastered","0","0"
泄泻-肝气乘脾,痛泻要方,四逆散,逍遥散,保和丸,参苓白术散,"|","notmastered","0","0"
泄泻-脾胃虚弱,参苓白术散,四君子汤,补中益气汤,痛泻要方,四神丸,"|","notmastered","0","0"
泄泻-肾阳虚衰,四神丸,理中丸,附子理中汤,参苓白术散,真人养脏汤,"|","notmastered","0","0"
痢疾-湿热痢,芍药汤,白头翁汤,葛根芩连汤,不换金正气散,桃花汤,"|","notmastered","0","0"
痢疾-疫毒痢,白头翁汤,黄连解毒汤,普济消毒饮,芍药汤,驻车丸,"|","notmastered","0","0"
痢疾-寒湿痢,不换金正气散,胃苓汤,芍药汤,白头翁汤,桃花汤,"|","notmastered","0","0"
痢疾-阴虚痢,驻车丸,黄连阿胶汤,白头翁汤,桃花汤,连理汤,"|","notmastered","0","0"
痢疾-虚寒痢,桃花汤合真人养脏汤,理中汤,乌梅丸,驻车丸,芍药汤,"|","notmastered","0","0"
痢疾-休息痢,连理汤,乌梅丸,香连丸,桃花汤,驻车丸,"|","notmastered","0","0"
便秘-热秘,麻子仁丸,承气汤类,增液汤,六磨汤,润肠丸,"|","notmastered","0","0"
便秘-气秘,六磨汤,五磨饮子,木香槟榔丸,麻子仁丸,黄芪汤,"|","notmastered","0","0"
便秘-冷秘,温脾汤,大黄附子汤,济川煎,麻子仁丸,六磨汤,"|","notmastered","0","0"
便秘-气虚秘,黄芪汤,补中益气汤,六磨汤,温脾汤,润肠丸,"|","notmastered","0","0"
便秘-血虚秘,润肠丸,四物汤,麻子仁丸,黄芪汤,增液汤,"|","notmastered","0","0"
便秘-阴虚秘,增液汤,益胃汤,麻子仁丸,润肠丸,济川煎,"|","notmastered","0","0"
便秘-阳虚秘,济川煎,右归丸,温脾汤,增液汤,肾气丸,"|","notmastered","0","0"
胁痛-肝郁气滞,柴胡疏肝散,逍遥散,四逆散,龙胆泻肝汤,一贯煎,"|","notmastered","0","0"
胁痛-肝胆湿热,龙胆泻肝汤,茵陈蒿汤,大柴胡汤,柴胡疏肝散,血府逐瘀汤,"|","notmastered","0","0"
胁痛-瘀血阻络,血府逐瘀汤或复元活血汤,膈下逐瘀汤,桃红四物汤,龙胆泻肝汤,一贯煎,"|","notmastered","0","0"
胁痛-肝络失养,一贯煎,补肝汤,逍遥散,血府逐瘀汤,沙参麦冬汤,"|","notmastered","0","0"
黄疸-阳黄-热重于湿,茵陈蒿汤,栀子柏皮汤,大承气汤,茵陈五苓散,茵陈术附汤,"|","notmastered","0","0"
黄疸-阳黄-湿重于热,茵陈五苓散合甘露消毒丹,三仁汤,藿香正气散,茵陈蒿汤,黄芪建中汤,"|","notmastered","0","0"
黄疸-阳黄-胆腑郁热,大柴胡汤,龙胆泻肝汤,茵陈蒿汤,茵陈五苓散,逍遥散,"|","notmastered","0","0"
黄疸-阳黄-疫毒炽盛,干金《犀角散》加味,清瘟败毒饮,黄连解毒汤,大柴胡汤,普济消毒饮,"|","notmastered","0","0"
黄疸-阴黄-寒湿阻遏,茵陈术附汤,理中汤,甘草干姜茯苓白术汤,茵陈蒿汤,黄芪建中汤,"|","notmastered","0","0"
黄疸-阴黄-脾虚湿滞,黄芪建中汤,理中汤,参苓白术散,茵陈术附汤,茵陈四苓散,"|","notmastered","0","0"
黄疸消退后-湿热留恋,茵陈四苓散,三仁汤,茵陈五苓散,柴胡疏肝散,逍遥散,"|","notmastered","0","0"
黄疸消退后-肝脾不调,柴胡疏肝散或归芍六君子汤,逍遥散,四君子汤,茵陈四苓散,逍遥散合鳖甲煎丸,"|","notmastered","0","0"
黄疸消退后-气滞血瘀,逍遥散合鳖甲煎丸,血府逐瘀汤,膈下逐瘀汤,柴胡疏肝散,一贯煎,"|","notmastered","0","0"
鼓胀-气滞湿阻,柴胡疏肝散合胃苓汤,平胃散,实脾饮,中满分消丸,附子理苓汤,"|","notmastered","0","0"
鼓胀-水湿困脾,实脾饮,胃苓汤,五苓散,附子理苓汤,调营饮,"|","notmastered","0","0"
鼓胀-水热蕴结,中满分消丸合茵陈蒿汤,疏凿饮子,舟车丸,实脾饮,调营饮,"|","notmastered","0","0"
鼓胀-瘀结水留,调营饮,膈下逐瘀汤,血府逐瘀汤,中满分消丸,附子理苓汤,"|","notmastered","0","0"
鼓胀-阳虚水盛,附子理苓汤或济生肾气丸,实脾饮,真武汤,调营饮,六味地黄丸,"|","notmastered","0","0"
鼓胀-阴虚水停,六味地黄丸合一贯煎,猪苓汤,兰香饮子,附子理苓汤,补肝汤,"|","notmastered","0","0"
鼓胀变证-大出血,犀角地黄汤,黄土汤,十灰散,安宫牛黄丸,胶艾汤,"|","notmastered","0","0"
鼓胀变证-昏迷,安宫牛黄丸合龙胆泻肝汤,至宝丹,紫雪丹,犀角地黄汤,苏合香丸,"|","notmastered","0","0"
外感头痛-风寒头痛,川芎茶调散,羌活胜湿汤,小续命汤,芎芷石膏汤,半夏白术天麻汤,"|","notmastered","0","0"
外感头痛-风热头痛,芎芷石膏汤,银翘散,桑菊饮,川芎茶调散,天麻钩藤饮,"|","notmastered","0","0"
外感头痛-风湿头痛,羌活胜湿汤,川芎茶调散,清空膏,芎芷石膏汤,独活寄生汤,"|","notmastered","0","0"
内伤头痛-肝阳头痛,天麻钩藤饮,镇肝熄风汤,杞菊地黄丸,川芎茶调散,大补元煎,"|","notmastered","0","0"
内伤头痛-血虚头痛,加味四物汤,归脾汤,八珍汤,天麻钩藤饮,益气聪明汤,"|","notmastered","0","0"
内伤头痛-痰浊头痛,半夏白术天麻汤,二陈汤,温胆汤,加味四物汤,通窍活血汤,"|","notmastered","0","0"
内伤头痛-肾虚头痛,大补元煎,左归丸,右归丸,半夏白术天麻汤,加味四物汤,"|","notmastered","0","0"
内伤头痛-瘀血头痛,通窍活血汤,血府逐瘀汤,身痛逐瘀汤,半夏白术天麻汤,加味四物汤,"|","notmastered","0","0"
内伤头痛-气虚头痛,益气聪明汤,补中益气汤,归脾汤,加味四物汤,大补元煎,"|","notmastered","0","0"
眩晕-肝阳上亢,天麻钩藤饮,镇肝熄风汤,龙胆泻肝汤,左归丸,半夏白术天麻汤,"|","notmastered","0","0"
眩晕-气血亏虚,归脾汤,八珍汤,人参养荣汤,天麻钩藤饮,左归丸,"|","notmastered","0","0"
眩晕-肾精不足,左归丸,右归丸,大补元煎,归脾汤,六味地黄丸,"|","notmastered","0","0"
眩晕-痰浊上蒙,半夏白术天麻汤,二陈汤,温胆汤,左归丸,通窍活血汤,"|","notmastered","0","0"
眩晕-瘀血阻窍,通窍活血汤,血府逐瘀汤,桃红四物汤,半夏白术天麻汤,归脾汤,"|","notmastered","0","0"
中风中经络-风痰瘀阻,半夏白术天麻汤合桃仁红花煎,天麻钩藤饮,镇肝熄风汤,解语丹,补阳还五汤,"|","notmastered","0","0"
中风中经络-风阳上扰,天麻钩藤饮,镇肝熄风汤,羚羊角汤,半夏白术天麻汤,左归丸,"|","notmastered","0","0"
中风中经络-阴虚风动,镇肝熄风汤,大定风珠,阿胶鸡子黄汤,天麻钩藤饮,补阳还五汤,"|","notmastered","0","0"
中风中脏腑闭证-阳闭证,羚羊角汤合安宫牛黄丸,至宝丹,紫雪丹,涤痰汤,参附汤,"|","notmastered","0","0"
中风中脏腑闭证-阴闭证,涤痰汤合苏合香丸,温胆汤,导痰汤,羚羊角汤,参附汤,"|","notmastered","0","0"
中风中脏腑-脱证,参附汤合生脉散加味,四逆加人参汤,独参汤,羚羊角汤,补阳还五汤,"|","notmastered","0","0"
中风恢复期-风痰瘀阻,解语丹,涤痰汤,通窍活血汤,补阳还五汤,左归丸,"|","notmastered","0","0"
中风恢复期-气虚络瘀,补阳还五汤,益气活血汤,归脾汤,解语丹,左归丸,"|","notmastered","0","0"
中风恢复期-肝肾亏虚,左归丸合地黄饮子,右归丸,大补元煎,补阳还五汤,镇肝熄风汤,"|","notmastered","0","0"
颤证-风阳内动,天麻钩藤饮合镇肝熄风汤,大定风珠,导痰汤合羚角钩藤汤,地黄饮子,羚角钩藤汤,"|","notmastered","0","0"
颤证-痰热风动,导痰汤合羚角钩藤汤,清气化痰丸,温胆汤,天麻钩藤饮,人参养荣汤,"|","notmastered","0","0"
颤证-气血亏虚,人参养荣汤,归脾汤,八珍汤,导痰汤,龟鹿二仙膏合大定风珠,"|","notmastered","0","0"
颤证-髓海不足,龟鹿二仙膏合大定风珠,左归丸,大补元煎,人参养荣汤,地黄饮子,"|","notmastered","0","0"
颤证-阳气虚衰,地黄饮子,右归丸,金匮肾气丸,龟鹿二仙膏,温脾汤,"|","notmastered","0","0"
阳水-风水相搏,越婢加术汤,麻黄汤,五皮饮,防己黄芪汤,麻黄连翘赤小豆汤,"|","notmastered","0","0"
阳水-湿毒浸淫,麻黄连翘赤小豆汤合五味消毒饮,普济消毒饮,仙方活命饮,越婢加术汤,疏凿饮子,"|","notmastered","0","0"
阳水-水湿浸渍,五皮饮合胃苓汤,防己黄芪汤,五苓散,越婢加术汤,实脾饮,"|","notmastered","0","0"
阳水-湿热壅盛,疏凿饮子,八正散,舟车丸,五皮饮合胃苓汤,中满分消丸,"|","notmastered","0","0"
阴水-脾阳虚衰,实脾饮,附子理中汤,苓桂术甘汤,济生肾气丸,五皮饮,"|","notmastered","0","0"
阴水-肾阳衰微,济生肾气丸合真武汤,右归丸,附子理中汤,实脾饮,桃红四物汤,"|","notmastered","0","0"
阴水-瘀水互结,桃红四物汤合五苓散,血府逐瘀汤,少腹逐瘀汤,济生肾气丸,膈下逐瘀汤,"|","notmastered","0","0"
淋证-热淋,八正散,导赤散,五淋散,小蓟饮子,沉香散,"|","notmastered","0","0"
淋证-石淋,石韦散,三金汤,八正散,无比山药丸,四物汤,"|","notmastered","0","0"
淋证-血淋,小蓟饮子,导赤散,知柏地黄丸,八正散,石韦散,"|","notmastered","0","0"
淋证-气淋,沉香散,补中益气汤,八正散,程氏萆薢分清饮,木香顺气散,"|","notmastered","0","0"
淋证-膏淋,程氏萆薢分清饮,八正散,无比山药丸,沉香散,萆薢分清饮,"|","notmastered","0","0"
淋证-劳淋,无比山药丸,知柏地黄丸,补中益气汤,程氏萆薢分清饮,金匮肾气丸,"|","notmastered","0","0"
郁证-肝气郁结,柴胡疏肝散,逍遥散,四逆散,丹栀逍遥散,半夏厚朴汤,"|","notmastered","0","0"
郁证-气郁化火,丹栀逍遥散,龙胆泻肝汤,左金丸,柴胡疏肝散,甘麦大枣汤,"|","notmastered","0","0"
郁证-痰气郁结,半夏厚朴汤,导痰汤,温胆汤,柴胡疏肝散,归脾汤,"|","notmastered","0","0"
郁证-心神失养,甘麦大枣汤,酸枣仁汤,天王补心丹,半夏厚朴汤,归脾汤,"|","notmastered","0","0"
郁证-心脾两虚,归脾汤,养心汤,人参养荣汤,甘麦大枣汤,天王补心丹,"|","notmastered","0","0"
郁证-心肾阴虚,天王补心丹合六味地黄丸,知柏地黄丸,酸枣仁汤,归脾汤,一贯煎,"|","notmastered","0","0"
血证-鼻衄-热邪犯肺,桑菊饮,银翘散,清营汤,玉女煎,龙胆泻肝汤,"|","notmastered","0","0"
血证-鼻衄-胃热炽盛,玉女煎,清胃散,凉膈散,桑菊饮,归脾汤,"|","notmastered","0","0"
血证-鼻衄-肝火上炎,龙胆泻肝汤,丹栀逍遥散,代赭石汤,玉女煎,泻心汤,"|","notmastered","0","0"
血证-鼻衄-气血亏虚,归脾汤,补中益气汤,当归补血汤,玉女煎,八珍汤,"|","notmastered","0","0"
血证-齿衄-胃火炽盛,加味清胃散合泻心汤,玉女煎,凉膈散,六味地黄丸,白虎汤,"|","notmastered","0","0"
血证-齿衄-阴虚火旺,六味地黄丸合茜根散,知柏地黄丸,玉女煎,加味清胃散,大补阴丸,"|","notmastered","0","0"
血证-咳血-燥热伤肺,桑杏汤,清燥救肺汤,阿胶补肺汤,泻白散,百合固金汤,"|","notmastered","0","0"
血证-咳血-肝火犯肺,泻白散合黛蛤散,龙胆泻肝汤,黄芩汤,桑杏汤,十灰散,"|","notmastered","0","0"
血证-咳血-阴虚肺热,百合固金汤,麦门冬汤,沙参麦冬汤,泻白散,补肺阿胶汤,"|","notmastered","0","0"
血证-吐血-胃热壅盛,泻心汤合十灰散,清胃散,玉女煎,龙胆泻肝汤,黄土汤,"|","notmastered","0","0"
血证-吐血-肝火犯胃,龙胆泻肝汤,左金丸,代赭石汤,泻心汤,归脾汤,"|","notmastered","0","0"
血证-吐血-气虚血溢,归脾汤,黄土汤,补中益气汤,龙胆泻肝汤,十灰散,"|","notmastered","0","0"
血证-便血-肠道湿热,地榆散合槐角丸,芍药汤,黄土汤,归脾汤,小蓟饮子,"|","notmastered","0","0"
血证-便血-气虚不摄,归脾汤,补中益气汤,地榆散,黄土汤,真人养脏汤,"|","notmastered","0","0"
血证-便血-脾胃虚寒,黄土汤,理中汤,附子理中汤,归脾汤,地榆散,"|","notmastered","0","0"
血证-尿血-下焦湿热,小蓟饮子,八正散,导赤散,知柏地黄丸,归脾汤,"|","notmastered","0","0"
血证-尿血-肾虚火旺,知柏地黄丸,大补阴丸,六味地黄丸,小蓟饮子,无比山药丸,"|","notmastered","0","0"
血证-尿血-脾不统血,归脾汤,补中益气汤,知柏地黄丸,小蓟饮子,无比山药丸,"|","notmastered","0","0"
血证-尿血-肾气不固,无比山药丸,金匮肾气丸,缩泉丸,归脾汤,知柏地黄丸,"|","notmastered","0","0"
血证-紫斑-血热妄行,十灰散,犀角地黄汤,清营汤,茜根散,归脾汤,"|","notmastered","0","0"
血证-紫斑-阴虚火旺,茜根散,知柏地黄丸,大补阴丸,十灰散,归脾汤,"|","notmastered","0","0"
血证-紫斑-气不摄血,归脾汤,补中益气汤,当归补血汤,茜根散,十灰散,"|","notmastered","0","0"
消渴-上消-肺热津伤,消渴方,麦门冬汤,白虎加人参汤,玉女煎,增液汤,"|","notmastered","0","0"
消渴-中消-胃热炽盛,玉女煎,白虎汤,增液承气汤,消渴方,七味白术散,"|","notmastered","0","0"
消渴-中消-气阴亏虚,七味白术散,生脉散,益胃汤,玉女煎,六味地黄丸,"|","notmastered","0","0"
消渴-下消-肾阴亏虚,六味地黄丸,左归丸,大补阴丸,七味白术散,金匮肾气丸,"|","notmastered","0","0"
消渴-下消-阴阳两虚,金匮肾气丸,右归丸,地黄饮子,六味地黄丸,附子理中汤,"|","notmastered","0","0"
瘿病-气郁痰阻,四海舒郁丸,逍遥散,半夏厚朴汤,海藻玉壶汤,栀子清肝汤,"|","notmastered","0","0"
瘿病-痰结血瘀,海藻玉壶汤,桃核承气汤,血府逐瘀汤,四海舒郁丸,消瘰丸,"|","notmastered","0","0"
瘿病-肝火旺盛,栀子清肝汤合消瘰丸,龙胆泻肝汤,丹栀逍遥散,海藻玉壶汤,天王补心丹,"|","notmastered","0","0"
瘿病-心肝阴虚,天王补心丹或一贯煎,滋水清肝饮,酸枣仁汤,栀子清肝汤,左归丸,"|","notmastered","0","0"
内伤发热-阴虚发热,清骨散或知柏地黄丸,青蒿鳖甲汤,当归六黄汤,归脾汤,丹栀逍遥散,"|","notmastered","0","0"
内伤发热-血虚发热,归脾汤,当归补血汤,人参养荣汤,清骨散,补中益气汤,"|","notmastered","0","0"
内伤发热-气虚发热,补中益气汤,甘温除热汤,归脾汤,清骨散,金匮肾气丸,"|","notmastered","0","0"
内伤发热-阳虚发热,金匮肾气丸,右归丸,附子理中汤,补中益气汤,清骨散,"|","notmastered","0","0"
内伤发热-气郁发热,丹栀逍遥散,逍遥散,柴胡疏肝散,补中益气汤,清骨散,"|","notmastered","0","0"
内伤发热-痰湿郁热,黄连温胆汤合中和汤或三仁汤,清气化痰丸,蒿芩清胆汤,丹栀逍遥散,清骨散,"|","notmastered","0","0"
内伤发热-血瘀发热,血府逐瘀汤,桃核承气汤,通窍活血汤,丹栀逍遥散,归脾汤,"|","notmastered","0","0"
癌病-气郁痰瘀,越鞠丸合化积丸,逍遥散,半夏厚朴汤,犀角地黄汤,血府逐瘀汤,"|","notmastered","0","0"
癌病-热毒炽盛,犀角地黄汤合犀黄丸,黄连解毒汤,普济消毒饮,越鞠丸,龙胆泻肝汤,"|","notmastered","0","0"
癌病-湿热郁毒,龙胆泻肝汤合五味消毒饮,茵陈蒿汤,八正散,犀角地黄汤,血府逐瘀汤,"|","notmastered","0","0"
癌病-瘀毒内阻,血府逐瘀汤,膈下逐瘀汤,桃红四物汤,龙胆泻肝汤,生脉地黄汤,"|","notmastered","0","0"
癌病-气阴两虚,生脉地黄汤,沙参麦冬汤,益胃汤,血府逐瘀汤,十全大补丸,"|","notmastered","0","0"
癌病-气血双亏,十全大补丸,八珍汤,人参养荣汤,生脉地黄汤,归脾汤,"|","notmastered","0","0"
痹证-行痹,防风汤,羌活胜湿汤,乌头汤,薏苡仁汤,独活寄生汤,"|","notmastered","0","0"
痹证-痛痹,乌头汤,当归四逆汤,桂枝芍药知母汤,防风汤,双合汤,"|","notmastered","0","0"
痹证-着痹,薏苡仁汤,防己黄芪汤,除湿汤,防风汤,白虎加桂枝汤,"|","notmastered","0","0"
痹证-风湿热痹,白虎加桂枝汤或宣痹汤,四妙丸,桂枝芍药知母汤,薏苡仁汤,双合汤,"|","notmastered","0","0"
痹证-痰瘀痹阻,双合汤,身痛逐瘀汤,桃红四物汤合二陈汤,白虎加桂枝汤,独活寄生汤,"|","notmastered","0","0"
痹证-肝肾亏虚,独活寄生汤,左归丸,右归丸,双合汤,补中益气汤,"|","notmastered","0","0"
痿证-肺热津伤,清燥救肺汤,麦门冬汤,白虎汤,加味二妙散,虎潜丸,"|","notmastered","0","0"
痿证-湿热浸淫,加味二妙散,三妙丸,四妙丸,清燥救肺汤,参苓白术散,"|","notmastered","0","0"
痿证-脾胃虚弱,参苓白术散合补中益气汤,四君子汤,升阳益胃汤,加味二妙散,虎潜丸,"|","notmastered","0","0"
痿证-肝肾亏损,虎潜丸,地黄饮子,左归丸,参苓白术散,圣愈汤,"|","notmastered","0","0"
痿证-脉络瘀阻,圣愈汤合补阳还五汤,血府逐瘀汤,通窍活血汤,虎潜丸,桃红四物汤,"|","notmastered","0","0"
腰痛-寒湿腰痛,甘姜苓术汤,肾着汤,乌头汤,四妙丸,身痛逐瘀汤,"|","notmastered","0","0"
腰痛-湿热腰痛,四妙丸,二妙散,龙胆泻肝汤,甘姜苓术汤,左归丸,"|","notmastered","0","0"
腰痛-瘀血腰痛,身痛逐瘀汤,复元活血汤,血府逐瘀汤,甘姜苓术汤,右归丸,"|","notmastered","0","0"
腰痛-肾阴虚腰痛,左归丸,六味地黄丸,大补阴丸,右归丸,知柏地黄丸,"|","notmastered","0","0"
腰痛-肾阳虚腰痛,右归丸,金匮肾气丸,左归丸,甘姜苓术汤,独活寄生汤,"|","notmastered","0","0"
痈-火毒凝结,仙方活命饮,五味消毒饮,黄连解毒汤,托里消毒散,普济消毒饮,"|","notmastered","0","0"
痈-热胜肉腐,仙方活命饮合五味消毒饮,透脓散,黄连解毒汤,托里消毒散,阳和汤,"|","notmastered","0","0"
痈-气血两虚,托里消毒散,八珍汤,人参养荣汤,仙方活命饮,十全大补汤,"|","notmastered","0","0"
乳癖-肝郁痰凝,逍遥萎贝散,逍遥散,二陈汤,二仙汤合四物汤,开郁散,"|","notmastered","0","0"
乳癖-冲任失调,二仙汤合四物汤,定经汤,归肾丸,逍遥萎贝散,固冲汤,"|","notmastered","0","0"
湿疮-湿热蕴肤,龙胆泻肝汤合萆薢渗湿汤,茵陈蒿汤,二妙散,除湿胃苓汤,当归饮子,"|","notmastered","0","0"
湿疮-脾虚湿蕴,除湿胃苓汤,参苓白术散,防己黄芪汤,龙胆泻肝汤,四物消风饮,"|","notmastered","0","0"
湿疮-血虚风燥,当归饮子或四物消风饮加丹参、鸡血藤、乌梢蛇,养血润肤饮,地黄饮子,除湿胃苓汤,消风散,"|","notmastered","0","0"
痔-风热肠燥,凉血地黄汤,槐角丸,脏连丸,止痛如神汤,补中益气汤,"|","notmastered","0","0"
痔-湿热下注,脏连丸,萆薢渗湿汤,二妙丸,凉血地黄汤,止痛如神汤,"|","notmastered","0","0"
痔-气滞血瘀,止痛如神汤,血府逐瘀汤,膈下逐瘀汤,脏连丸,补中益气汤,"|","notmastered","0","0"
痔-脾虚气陷,补中益气汤,举元煎,归脾汤,止痛如神汤,凉血地黄汤,"|","notmastered","0","0"
脱疽-寒湿阻络,阳和汤,当归四逆汤,桃红四物汤,四妙勇安汤,黄芪鳖甲汤,"|","notmastered","0","0"
脱疽-血脉瘀阻,桃红四物汤,血府逐瘀汤,通窍活血汤,阳和汤,顾步汤,"|","notmastered","0","0"
脱疽-湿热毒盛,四妙勇安汤,五味消毒饮,仙方活命饮,桃红四物汤,顾步汤,"|","notmastered","0","0"
脱疽-热毒伤阴,顾步汤,清骨散,青蒿鳖甲汤,四妙勇安汤,黄芪鳖甲汤,"|","notmastered","0","0"
脱疽-气阴两虚,黄芪鳖甲汤,人参养荣汤,生脉散,顾步汤,阳和汤,"|","notmastered","0","0"
精癃-湿热下注,八正散,萆薢分清饮,沉香散,知柏地黄丸,济生肾气丸,"|","notmastered","0","0"
精癃-脾肾气虚,补中益气汤,参苓白术散,无比山药丸,八正散,济生肾气丸,"|","notmastered","0","0"
精癃-气滞血瘀,沉香散,抵当汤,代抵当丸,八正散,补中益气汤,"|","notmastered","0","0"
精癃-肾阴亏虚,知柏地黄丸,左归饮,大补阴丸,沉香散,济生肾气丸,"|","notmastered","0","0"
精癃-肾阳不足,济生肾气丸,右归丸,金匮肾气丸,知柏地黄丸,补中益气汤,"|","notmastered","0","0"
肠痈-瘀滞证,大黄牡丹汤合红藤煎剂,桃核承气汤,复方大柴胡汤,透脓散,膈下逐瘀汤,"|","notmastered","0","0"
肠痈-湿热证,复方大柴胡汤,大承气汤,茵陈蒿汤,大黄牡丹汤,薏苡附子败酱散,"|","notmastered","0","0"
肠痈-热毒证,大黄牡丹汤合透脓散,仙方活命饮,五味消毒饮,复方大柴胡汤,清营汤,"|","notmastered","0","0"
崩漏-血热证-虚热证,保阴煎,清热固经汤,两地汤,右归丸,固本止崩汤,"|","notmastered","0","0"
崩漏-血热证-实热证,清热固经汤,两地汤,保阴煎,固冲汤,知柏地黄丸,"|","notmastered","0","0"
崩漏-肾虚证-肾阳虚,右归丸加黄芪、党参,固阴煎,大补元煎,加减苁蓉菟丝子丸,左归丸,"|","notmastered","0","0"
崩漏-肾虚证-肾气虚,加减苁蓉菟丝子丸,寿胎丸,大补元煎,右归丸,固本止崩汤,"|","notmastered","0","0"
崩漏-脾虚证,固本止崩汤,归脾汤,举元煎,清热固经汤,桃红四物汤,"|","notmastered","0","0"
崩漏-血瘀证,桃红四物汤加三七粉、茜草炭,失笑散,膈下逐瘀汤,固本止崩汤,四物汤,"|","notmastered","0","0"
闭经-肾气亏虚,加减苁蓉菟丝子丸,寿胎丸,毓麟珠,人参养营汤,苍附导痰丸,"|","notmastered","0","0"
闭经-气血虚弱,人参养营汤或圣愈汤或八珍汤,归脾汤,十全大补汤,加减苁蓉菟丝子丸,血府逐瘀汤,"|","notmastered","0","0"
闭经-阴虚血燥,加减一阴煎或补肾地黄丸,沙参麦冬汤,二至丸,人参养营汤,苍附导痰丸,"|","notmastered","0","0"
闭经-气滞血瘀,血府逐瘀汤,膈下逐瘀汤,桃红四物汤,人参养营汤,苍附导痰丸,"|","notmastered","0","0"
闭经-痰湿阻滞,苍附导痰丸,二陈汤,越鞠丸,血府逐瘀汤,人参养营汤,"|","notmastered","0","0"
痛经-气滞血瘀,隔下逐瘀汤,血府逐瘀汤,失笑散,少腹逐瘀汤,圣愈汤,"|","notmastered","0","0"
痛经-寒凝血瘀,少腹逐瘀汤,温经汤,当归四逆汤,隔下逐瘀汤,益肾调经汤,"|","notmastered","0","0"
痛经-湿热瘀阻,清热调血汤加红藤、败酱草、薏苡仁,龙胆泻肝汤,四妙丸,少腹逐瘀汤,圣愈汤,"|","notmastered","0","0"
痛经-气血虚弱,圣愈汤加香附、延胡索,八珍汤,当归补血汤,少腹逐瘀汤,益肾调经汤,"|","notmastered","0","0"
痛经-肾气亏虚,益肾调经汤,调肝汤,归肾丸,圣愈汤,少腹逐瘀汤,"|","notmastered","0","0"
绝经前后诸证-肾阴虚,左归丸,六味地黄丸,知柏地黄丸,右归丸,二仙汤,"|","notmastered","0","0"
绝经前后诸证-肾阳虚,右归丸,金匮肾气丸,温脾汤,左归丸,二仙汤,"|","notmastered","0","0"
绝经前后诸-肾阴阳俱虚,二仙汤,地黄饮子,左归丸合右归丸,左归丸,右归丸,"|","notmastered","0","0"
带下病过多-脾虚证,完带汤,补中益气汤,参苓白术散,内补丸,止带方,"|","notmastered","0","0"
带下病过多-肾虚证,内补丸,金匮肾气丸,右归丸,完带汤,知柏地黄汤,"|","notmastered","0","0"
带下病过多-阴虚夹湿,知柏地黄汤加芡实、金樱子,易黄汤,止带方,内补丸,五味消毒饮,"|","notmastered","0","0"
带下病过多-湿热下注,止带方,易黄汤,龙胆泻肝汤,知柏地黄汤,五味消毒饮,"|","notmastered","0","0"
带下病过多-热毒蕴结,五味消毒饮加白花蛇舌草、椿根白皮、白术,普济消毒饮,仙方活命饮,止带方,完带汤,"|","notmastered","0","0"
带下病过少-肝肾亏损,左归丸加知母、肉苁蓉、紫河车、麦冬,一贯煎,大补元煎,小营煎,归肾丸,"|","notmastered","0","0"
带下病过少-血枯瘀阻,小营煎加丹参、桃仁、牛膝,桃红四物汤,通窍活血汤,左归丸,血府逐瘀汤,"|","notmastered","0","0"
胎漏、胎动不安-肾虚证,寿胎丸,菟丝子散,泰山磐石散,胎元饮,圣愈汤,"|","notmastered","0","0"
胎漏、胎动不安-气血虚弱,胎元饮去当归，加黄芪、阿胶,八珍汤,归脾汤,寿胎丸,保阴煎,"|","notmastered","0","0"
胎漏、胎动不安-血热证,保阴煎加苎麻根,两地汤,清热固经汤,寿胎丸,圣愈汤,"|","notmastered","0","0"
胎漏、胎动不安-跌仆伤胎,圣愈汤合寿胎丸,胶艾汤,保阴煎,胎元饮,桂枝茯苓丸,"|","notmastered","0","0"
胎漏、胎动不安-癥瘕伤胎,桂枝茯苓丸合寿胎丸,大黄蛰虫丸,抵当汤,圣愈汤,胶艾汤,"|","notmastered","0","0"
产后发热-感染邪毒,五味消毒饮合失笑散或解毒活血汤,仙方活命饮,普济消毒饮,荆防四物汤,生化汤,"|","notmastered","0","0"
产后发热-外感证,荆防四物汤加苏叶,葱豉汤,银翘散,五味消毒饮,八珍汤,"|","notmastered","0","0"
产后发热-血瘀证,生化汤加丹参、丹皮、益母草,桃红四物汤,失笑散,荆防四物汤,八珍汤,"|","notmastered","0","0"
产后发热-血虚证,八珍汤去川芎，加黄芪,人参养荣汤,当归补血汤,生化汤,圣愈汤,"|","notmastered","0","0"
不孕症-肾气虚,毓麟珠,寿胎丸,温胞饮,养精种玉汤,开郁种玉汤,"|","notmastered","0","0"
不孕症-肾阳虚,温胞饮或右归丸,金匮肾气丸,毓麟珠,养精种玉汤,苍附导痰丸,"|","notmastered","0","0"
不孕症-肾阴虚,养精种-玉汤加二至丸,左归丸,知柏地黄丸,温胞饮,开郁种玉汤,"|","notmastered","0","0"
不孕症-肝气郁结,开郁种玉汤,逍遥散,柴胡疏肝散,养精种玉汤,少腹逐瘀汤,"|","notmastered","0","0"
不孕症-瘀滞胞宫,少腹逐瘀汤,膈下逐瘀汤,桂枝茯苓丸,开郁种玉汤,苍附导痰丸,"|","notmastered","0","0"
不孕症-痰湿内阻,苍附导痰丸,二陈汤,越鞠丸,少腹逐瘀汤,开郁种玉汤,"|","notmastered","0","0"
癥瘕-气滞血瘀,香棱丸或大黄蛰虫丸,膈下逐瘀汤,桂枝茯苓丸,苍附导痰丸合桂枝茯苓丸,大黄牡丹汤,"|","notmastered","0","0"
癥瘕-痰湿瘀结,苍附导痰丸合桂枝茯苓丸,二陈汤,导痰汤,香棱丸,补肾祛瘀方,"|","notmastered","0","0"
癥瘕-湿热瘀阻,大黄牡丹汤,龙胆泻肝汤,清热调血汤,香棱丸,补肾祛瘀方,"|","notmastered","0","0"
癥瘕-肾虚血瘀,补肾祛瘀方或益肾调经汤,归肾丸,少腹逐瘀汤,大黄牡丹汤,香棱丸,"|","notmastered","0","0"
肺炎喘嗽-风寒闭肺,华盖散加味,麻黄汤,三拗汤,麻杏石甘汤,葶苈大枣泻肺汤,"|","notmastered","0","0"
肺炎喘嗽-风热闭肺,麻杏石甘汤,银翘散,桑菊饮,华盖散,黄连解毒汤,"|","notmastered","0","0"
肺炎喘嗽-痰热闭肺,麻杏石甘汤合葶苈大枣泻肺汤,清气化痰丸,五虎汤,华盖散,沙参麦冬汤,"|","notmastered","0","0"
肺炎喘嗽-毒热闭肺,黄连解毒汤合麻杏石甘汤,清瘟败毒饮,普济消毒饮,麻杏石甘汤,人参五味子汤,"|","notmastered","0","0"
肺炎喘嗽-阴虚肺热,沙参麦冬汤,养阴清肺汤,百合固金汤,黄连解毒汤,参附龙牡救逆汤,"|","notmastered","0","0"
肺炎喘嗽-肺脾气虚,人参五味子汤,参苓白术散,补中益气汤,沙参麦冬汤,羚角钩藤汤,"|","notmastered","0","0"
肺炎喘嗽-心阳虚衰,参附龙牡救逆汤,四逆加人参汤,保元汤,人参五味子汤,羚角钩藤汤,"|","notmastered","0","0"
肺炎喘嗽-邪陷厥阴,羚角钩藤汤合牛黄清心丸,安宫牛黄丸,至宝丹,参附龙牡救逆汤,镇肝熄风汤,"|","notmastered","0","0"
小儿泄泻-风寒泻,藿香正气散,不换金正气散,葛根黄芩黄连汤,保和丸,参苓白术散,"|","notmastered","0","0"
小儿泄泻-湿热泻,葛根黄芩黄连汤加味,白头翁汤,芍药汤,藿香正气散,附子理中汤,"|","notmastered","0","0"
小儿泄泻-伤食泻,保和丸,枳实导滞丸,葛根黄芩黄连汤,参苓白术散,痛泻要方,"|","notmastered","0","0"
小儿泄泻-脾虚泻,参苓白术散,七味白术散,异功散,保和丸,附子理中汤,"|","notmastered","0","0"
小儿泄泻-脾肾阳虚,附子理中汤合四神丸,真人养脏汤,桃花汤,参苓白术散,痛泻要方,"|","notmastered","0","0"
小儿泄泻-肝郁脾虚,痛泻要方合四逆散,逍遥散,柴胡疏肝散,参苓白术散,人参乌梅汤,"|","notmastered","0","0"
小儿泄泻-气阴两伤,人参乌梅汤,生脉散,益胃汤,痛泻要方,参附龙牡救逆汤,"|","notmastered","0","0"
小儿泄泻-阴竭阳脱,生脉散合参附龙牡救逆汤,四逆加人参汤,独参汤,人参乌梅汤,附子理中汤,"|","notmastered","0","0"
积滞-乳食内积-乳食积滞，消乳丸；食积者，保和丸,消乳丸或保和丸,健脾丸,枳实导滞丸,平胃散,木香槟榔丸,"|","notmastered","0","0"
积滞-脾虚夹积,健脾丸,资生丸,参苓白术散,保和丸,肥儿丸,"|","notmastered","0","0"
鹅口疮-心脾积热,清热泻脾散,导赤散合泻黄散,凉膈散,知柏地黄丸,泻心汤,"|","notmastered","0","0"
鹅口疮-虚火上炎,知柏地黄丸,六味地黄丸,大补阴丸,清热泻脾散,金匮肾气丸,"|","notmastered","0","0"
水痘-邪伤肺卫,银翘散,清胃解毒汤,麻杏石甘汤,清瘟败毒饮,桑菊饮,"|","notmastered","0","0"
水痘-邪炽气营,清胃解毒汤,清营汤,化斑汤,银翘散,清瘟败毒饮,"|","notmastered","0","0"
水痘-邪陷心肝,清瘟败毒饮,安宫牛黄丸,紫雪丹,清胃解毒汤,羚角钩藤汤,"|","notmastered","0","0"
水痘-邪毒闭肺,麻杏石甘汤,定喘汤,五虎汤,清瘟败毒饮,银翘散,"|","notmastered","0","0"
痄腮-邪犯少阳,柴胡葛根汤,银翘散,普济消毒饮,清瘟败毒饮,龙胆泻肝汤,"|","notmastered","0","0"
痄腮-热毒壅盛,普济消毒饮,黄连解毒汤,五味消毒饮,柴胡葛根汤,清瘟败毒饮,"|","notmastered","0","0"
痄腮-邪陷心肝,清瘟败毒饮,安宫牛黄丸,紫雪丹,普济消毒饮,龙胆泻肝汤,"|","notmastered","0","0"
痄腮-毒窜睾腹,龙胆泻肝汤,橘核丸,普济消毒饮,清瘟败毒饮,大柴胡汤,"|","notmastered","0","0"
手足口病-邪犯肺脾,甘露消毒丹,银翘散,清瘟败毒饮,三仁汤,藿香正气散,"|","notmastered","0","0"
手足口病-湿热蒸盛,清瘟败毒饮,普济消毒饮,黄连解毒汤,甘露消毒丹,凉膈散,"|","notmastered","0","0"
麻疹-顺证-初热期(邪犯肺卫),宣毒发表汤,清解透表汤,沙参麦冬汤,麻杏石甘汤,银翘散,"|","notmastered","0","0"
麻疹-顺证-出疹期(邪入肺胃),清解透表汤,宣毒发表汤,沙参麦冬汤,麻杏石甘汤,白虎汤,"|","notmastered","0","0"
麻疹-顺证-收没期(阴津耗伤),沙参麦冬汤,益胃汤,增液汤,清解透表汤,宣毒发表汤,"|","notmastered","0","0"
麻疹-逆证-邪毒闭肺,麻杏石甘汤,五虎汤,葶苈大枣泻肺汤,清咽下痰汤,羚角钩藤汤,"|","notmastered","0","0"
麻疹-逆证-邪毒攻喉,清咽下痰汤,普济消毒饮,银翘马勃散,麻杏石甘汤,羚角钩藤汤,"|","notmastered","0","0"
麻疹-逆证-邪陷心肝,羚角钩藤汤,安宫牛黄丸,紫雪丹,麻杏石甘汤,清咽下痰汤,"|","notmastered","0","0"
丹痧-邪侵肺卫,解肌透痧汤,凉营清气汤,沙参麦冬汤,银翘散,普济消毒饮,"|","notmastered","0","0"
丹痧-毒炽气营,凉营清气汤,清瘟败毒饮,化斑汤,解肌透痧汤,沙参麦冬汤,"|","notmastered","0","0"
丹痧-疹后阴伤,沙参麦冬汤,益胃汤,增液汤,凉营清气汤,解肌透痧汤,"|","notmastered","0","0"
紫癜-风热伤络,银翘散,犀角地黄汤,归脾汤,知柏地黄丸,连翘败毒散,"|","notmastered","0","0"
紫癜-血热妄行,犀角地黄汤,清营汤,化斑汤,银翘散,归脾汤,"|","notmastered","0","0"
紫癜-气不摄血,归脾汤,补中益气汤,当归补血汤,犀角地黄汤,知柏地黄丸,"|","notmastered","0","0"
紫癜-阴虚火旺,知柏地黄丸,大补阴丸,茜根散,犀角地黄汤,归脾汤,"|","notmastered","0","0"